INSERT INTO UTILISATEUR VALUES('UnUser1','\ufffd\ufffd\ufffd\ufffd\u001a\ufffd&S\ufffd\ufffd\ufffd\u0009\ufffd\ufffd\ufffd+s4\ufffd\ufffd\ufffdv)\ufffd\ufffd\ufffd\ufffd\ufffd\u001a\ufffd\ufffd', null, null, null, 'ADMIN')
INSERT INTO UTILISATEUR VALUES('UnUser2','\ufffddc\ufffd\ufffd\ufffd-]OE-\ufffd\u0b90$\ufffdD\ufffda%\ufffd\u0011X\ufffd4\ufffd\u0017\u0011\ufffd:', null, null, null, 'ADMIN')
INSERT INTO UTILISATEUR VALUES('adminAsupprimer','\ufffdy\u001d\ufffdQ*\ufffd\u0013\ufffd\ufffd\u0002\ufffd_\ufffd\u000d\ufffd\u0017\ufffd\u0449\ufffd4\ufffd.c\u0001\ufffd\ufffd\ufffda)n', null, null, null, 'ADMIN')
INSERT INTO MARIAGE VALUES(1,'2016-12-31 00:00:00.000000','Morgan','Robert')
INSERT INTO COURRIER VALUES(1,'2016-06-30 00:00:00.000000','Faire part complet',1)
INSERT INTO COURRIER VALUES(2,'2016-06-30 00:00:00.000000','Faire part VdH',1)
INSERT INTO COURRIER VALUES(3,'2016-06-30 00:00:00.000000','En plus',1)
INSERT INTO ETAPE VALUES('EtapeCeremonie',1,'2016-12-31 14:00:00.000000','Mairie de X','Mairie',1,'le maire',1)
INSERT INTO ETAPE VALUES('EtapeCeremonie',2,'2016-12-31 16:00:00.000000','Eglise de X','Eglise',2,'le pretre',1)
INSERT INTO ETAPE VALUES('EtapeRepas',3,'2016-12-31 18:00:00.000000','Salle de X','VdH',3,NULL,1)
INSERT INTO ETAPE VALUES('EtapeRepas',4,'2016-12-31 20:00:00.000000','Salle de X','Repas',4,NULL,1)
INSERT INTO ETAPE VALUES('EtapeRepas',5,'2016-12-31 20:00:00.000000','Salle de Y','En plus',4,NULL,1)
INSERT INTO COURRIER_ETAPES VALUES(1,1)
INSERT INTO COURRIER_ETAPES VALUES(1,2)
INSERT INTO COURRIER_ETAPES VALUES(1,3)
INSERT INTO COURRIER_ETAPES VALUES(1,4)
INSERT INTO COURRIER_ETAPES VALUES(2,1)
INSERT INTO COURRIER_ETAPES VALUES(2,2)
INSERT INTO COURRIER_ETAPES VALUES(2,3)
INSERT INTO COURRIER_ETAPES VALUES(3,5)
INSERT INTO FOYER VALUES(1,'ADD1','email1@email.com','GROUPE1','FOYER1','0101010101',1)
INSERT INTO FOYER VALUES(2,'ADD2','email2@email.com','GROUPE1','FOYER2','0101010102',1)
INSERT INTO FOYER VALUES(3,NULL,'email3@email.com','GROUPE2','FOYER3','0101010103',1)
INSERT INTO FOYER VALUES(4,NULL,'email4@email.com','GROUPE2','FOYER4','0101010103',1)
INSERT INTO INVITATION VALUES(1,1)
INSERT INTO INVITATION VALUES(2,2)
INSERT INTO INVITATION VALUES(3,2)
INSERT INTO INVITATION VALUES(3,3)
INSERT INTO INVITE (ID,AGE,NOM,PRENOM,FOYER_ID,MARIAGE_ID) VALUES(1,NULL,'NOM1','PRENOM1',1,1)
INSERT INTO INVITE (ID,AGE,NOM,PRENOM,FOYER_ID,MARIAGE_ID) VALUES(2,1,'NOM1','PRENOM2',1,1)
INSERT INTO INVITE (ID,AGE,NOM,PRENOM,FOYER_ID,MARIAGE_ID) VALUES(3,0,NULL,'PRENOM3',1,1)
INSERT INTO INVITE (ID,AGE,NOM,PRENOM,FOYER_ID,MARIAGE_ID) VALUES(4,1,'NOM1','PRENOM4',1,1)
INSERT INTO INVITE (ID,AGE,NOM,PRENOM,FOYER_ID,MARIAGE_ID) VALUES(5,2,'NOM2','PRENOM5',2,1)
INSERT INTO INVITE (ID,AGE,NOM,PRENOM,FOYER_ID,MARIAGE_ID) VALUES(6,3,'NOM2','PRENOM6',2,1)
INSERT INTO INVITE (ID,AGE,NOM,PRENOM,FOYER_ID,MARIAGE_ID) VALUES(7,NULL,'NOM2','PRENOM7',2,1)
INSERT INTO INVITE (ID,AGE,NOM,PRENOM,FOYER_ID,MARIAGE_ID) VALUES(8,0,'NOM2','PRENOM8',2,1)
INSERT INTO INVITE (ID,AGE,NOM,PRENOM,FOYER_ID,MARIAGE_ID) VALUES(9,4,'NOM3','PRENOM9',3,1)
INSERT INTO INVITE (ID,AGE,NOM,PRENOM,FOYER_ID,MARIAGE_ID) VALUES(10,4,'NOM3','PRENOM10',3,1)
INSERT INTO INVITE (ID,AGE,NOM,PRENOM,FOYER_ID,MARIAGE_ID) VALUES(11,0,'NOM3','PRENOM11',3,1)
INSERT INTO INVITE (ID,AGE,NOM,PRENOM,FOYER_ID,MARIAGE_ID) VALUES(12,NULL,'NOM3','PRENOM12',3,1)
INSERT INTO INVITE (ID,AGE,NOM,PRENOM,FOYER_ID,MARIAGE_ID) VALUES(13,1,'NOM4','PRENOM1',4,1)
INSERT INTO INVITATION VALUES(1,2)
INSERT INTO PRESENCE VALUES (13,5,TRUE,NULL,'',TRUE)